Evento,Serie,BP_p,SW_p,DW,AIC_StudentT,AIC_SkewNormal,delta_AIC_Skew_T,alpha_SkewNorm,skewness_empirica,skewtest_p,use_skewed_t,dist_raccomandazione
Ucraina (Feb 2022),Brent,0.198,0.119,0.307,-94.41,-95.03,-0.62,1.612,0.425,0.2111,False,~  ΔAIC=-0.6: modelli equivalenti (|ΔAIC| ≤ 2). Student-T sufficiente.
Ucraina (Feb 2022),Benzina,0.3493,0.0,0.366,-130.92,-124.14,6.78,2.829,1.5,0.0003,False,✓  ΔAIC=6.8: Student-T adeguato (SkewNormal peggiore).
Ucraina (Feb 2022),Diesel,0.3684,0.0002,0.294,-99.95,-101.65,-1.7,3.699,1.371,0.0006,False,~  ΔAIC=-1.7: modelli equivalenti (|ΔAIC| ≤ 2). Student-T sufficiente.
Iran-Israele (Giu 2025),Brent,0.4528,0.0673,1.202,-143.47,-142.65,0.82,1.958,0.782,0.0355,False,~  ΔAIC=0.8: modelli equivalenti (|ΔAIC| ≤ 2). Student-T sufficiente.
Iran-Israele (Giu 2025),Benzina,0.1231,0.869,0.422,-193.41,-194.43,-1.02,1.793,0.378,0.2819,False,~  ΔAIC=-1.0: modelli equivalenti (|ΔAIC| ≤ 2). Student-T sufficiente.
Iran-Israele (Giu 2025),Diesel,0.0211,0.4891,0.329,-173.59,-174.87,-1.27,2.152,0.379,0.2808,False,~  ΔAIC=-1.3: modelli equivalenti (|ΔAIC| ≤ 2). Student-T sufficiente.
Hormuz (Feb 2026),Brent,0.1685,0.1504,1.091,-92.45,-99.83,-7.38,-44399706.242,-0.368,0.3693,True,⚠  ΔAIC=-7.4: SkewNormal migliore di 7.4 AIC. α_skew=-44399706.242. Considerare Skewed-T nel MCMC.
Hormuz (Feb 2026),Benzina,0.0098,0.0003,1.316,-111.62,-119.19,-7.57,29140590.754,1.984,0.0002,True,⚠  ΔAIC=-7.6: SkewNormal migliore di 7.6 AIC. α_skew=29140590.754. Considerare Skewed-T nel MCMC.
Hormuz (Feb 2026),Diesel,0.136,0.6817,0.929,-90.98,-91.49,-0.52,2.166,0.24,0.5544,False,~  ΔAIC=-0.5: modelli equivalenti (|ΔAIC| ≤ 2). Student-T sufficiente.
